,tipo,nulos,mínimo,máximo,media,desvío,coef. variación
Alcohol,float64,0,11.03,14.83,13.000617977528083,0.8118265380058575,0.06244522678915121
Ácido málico,float64,0,0.74,5.8,2.336348314606741,1.1171460976144627,0.47815905301025413
Ceniza,float64,0,1.36,3.23,2.3665168539325854,0.27434400906081485,0.1159273421631968
Alcalinidad de la ceniza,float64,0,10.6,30.0,19.49494382022472,3.339563767173505,0.1713040980250955
Magnesio,float64,0,70.0,162.0,99.74157303370787,14.282483515295665,0.14319488936141875
Fenoles totales,float64,0,0.98,3.88,2.295112359550562,0.6258510488339893,0.27268863166095536
Flavonoides,float64,0,0.34,5.08,2.0292696629213474,0.9988586850169467,0.4922257023144891
Fenoles no flavonoides,float64,0,0.13,0.66,0.36185393258426973,0.12445334029667937,0.3439325348984463
Proantocianinas,float64,0,0.41,3.58,1.5908988764044953,0.5723588626747613,0.35977073789147346
Intensidad del color,float64,0,1.28,13.0,5.058089882022473,2.318285871822413,0.4583322807414107
Tono,float64,0,0.48,1.71,0.9574494382022468,0.22857156582982338,0.23872964640200778
OD280/OD315,float64,0,1.27,4.0,2.6116853932584254,0.7099904287650504,0.27185143761869524
Prolina,float64,0,278.0,1680.0,746.8932584269663,314.9074742768491,0.4216231311821939
