,vino 0,vino 1,dif² sin escalar,% de la distancia² sin escalar,dif² escalado (z),% de la distancia² escalado
Alcohol,14.23,13.2,1.0609000000000024,0.10853185827942913,1.6188055974235216,13.233371477861992
Ácido málico,1.71,1.78,0.0049000000000000085,0.0005012782595618837,0.003948415702510157,0.03227740985298196
Ceniza,2.43,2.14,0.08410000000000002,0.00860357176105191,1.123703594620915,9.186024018137202
Alcalinidad de la ceniza,15.6,11.2,19.360000000000003,1.9805606336975616,1.745712042861827,14.270803111464593
Magnesio,127.0,100.0,729.0,74.57792882053317,3.5939067243742224,29.37937873215017
Fenoles totales,2.8,2.65,0.022499999999999975,0.002301787926559663,0.05776799378926602,0.47224034965093936
Flavonoides,3.06,2.76,0.09000000000000016,0.00920715170623868,0.09071542616050929,0.7415781950996706
Fenoles no flavonoides,0.28,0.26,0.0004000000000000007,4.092067424994969e-05,0.02597129542328058,0.21230949574462785
Proantocianinas,2.29,1.28,1.0201,0.10435794950593402,3.131501755183915,25.599322164367166
Intensidad del color,5.64,4.38,1.5875999999999995,0.16241415609804996,0.29706661605737256,2.428452737138709
Tono,1.04,1.05,0.00010000000000000018,1.0230168562487423e-05,0.001924874100633805,0.01573541261677412
OD280/OD315,3.92,3.4,0.27040000000000003,0.027662375792965946,0.5394465686720699,4.409854306815707
Prolina,1065.0,1050.0,225.0,23.017879265596658,0.0022817250835247185,0.01865258909945473
TOTAL,,,977.501,100.0,12.23275262945357,100.0
