k,inercia (WCSS),reducción % vs k-1,tamaño mín.,tamaño máx.,silueta,Calinski-Harabasz,Davies-Bouldin
1,2314.0,,178,178,,,
2,1658.7588524290954,28.316384942562856,87,91,0.25931695553182543,69.52333173902912,1.5259965836052092
3,1277.928488844642,22.958753951893808,51,65,0.2848589191898987,70.94000800315118,1.3891879777181648
4,1175.428333103347,8.02080528261515,29,55,0.26017035223704527,56.181355187904686,1.7968917400704765
5,1109.5127392938248,5.607793512641724,26,59,0.2016190829407409,46.952209001853,1.8083185918965696
6,1046.0023332143635,5.724170965345021,5,53,0.23716725754166543,41.700786272038606,1.5543938572772371
7,981.5952326111658,6.15745286200986,3,54,0.2036275812271175,38.685534127511424,1.6605851121157633
8,935.2012114738546,4.726390226437561,3,39,0.1570139556393107,35.80525027642259,1.7408592639953422
9,889.8929111933173,4.844764925949196,4,34,0.14988199178183517,33.80660961856539,1.7082756741299896
10,845.8952366525514,4.944153840012788,4,27,0.1436384079124149,32.397182371661394,1.7069697874648369
