k,altura inferior,altura superior,salto,umbral de corte
2,27.65201642516249,35.40153383134743,7.749517406184939,31.52677512825496
3,12.56716932618481,27.65201642516249,15.08484709897768,20.10959287567365
4,12.230722973839518,12.56716932618481,0.33644635234529296,12.398946150012165
5,11.72161889315258,12.230722973839518,0.5091040806869369,11.97617093349605
6,11.37608709156077,11.72161889315258,0.34553180159181096,11.548852992356675
7,10.398831272805456,11.37608709156077,0.9772558187553138,10.887459182183113
8,10.154975985627892,10.398831272805456,0.24385528717756344,10.276903629216674
9,8.290992893701013,10.154975985627892,1.8639830919268796,9.222984439664453
10,8.25339098273775,8.290992893701013,0.0376019109632626,8.272191938219382
