,% de la separación entre clusters (sin escalar)
Prolina,99.95432900512701
Magnesio,0.04111127211882265
Alcalinidad de la ceniza,0.002749539587762275
Intensidad del color,0.0006986148478791464
Flavonoides,0.0004135715815097687
Alcohol,0.00030772860929320205
Fenoles totales,0.00013767943824174303
OD280/OD315,0.00010924446772573076
Ácido málico,8.60953659593667e-05
Proantocianinas,4.3404228212608235e-05
Tono,6.829023072311551e-06
Ceniza,4.557383530940331e-06
Fenoles no flavonoides,2.4582209784705e-06
