,Cluster 1,Cluster 2,Cluster 3,Media global
Alcohol,13.676774193548388,13.134117647058824,12.250923076923076,13.000617977528083
Ácido málico,1.9979032258064517,3.307254901960784,1.8973846153846154,2.336348314606741
Ceniza,2.466290322580645,2.4176470588235293,2.2312307692307694,2.3665168539325854
Alcalinidad de la ceniza,17.462903225806453,21.241176470588233,20.06307692307692,19.49494382022472
Magnesio,107.96774193548387,98.66666666666667,92.73846153846154,99.74157303370787
Fenoles totales,2.8475806451612904,1.683921568627451,2.2476923076923074,2.295112359550562
Flavonoides,3.0032258064516126,0.8188235294117646,2.05,2.0292696629213474
Fenoles no flavonoides,0.2920967741935484,0.4519607843137255,0.3576923076923077,0.36185393258426973
Proantocianinas,1.9220967741935484,1.1458823529411764,1.624153846153846,1.5908988764044953
Intensidad del color,5.453548387096775,7.2347058627450975,2.973076923076923,5.058089882022473
Tono,1.0654838709677419,0.6919607843137254,1.0627076923076921,0.9574494382022468
OD280/OD315,3.1633870967741933,1.6966666666666668,2.8033846153846156,2.6116853932584254
Prolina,1100.225806451613,619.0588235294117,510.16923076923075,746.8932584269663
