variable,ranking,F de ANOVA,p-valor,varianza de medias (z)
Flavonoides,1,271.58982019938986,2.215307182187313e-54,1.2088751545674725
OD280/OD315,2,221.52835879582253,1.1242173667946696e-48,1.1656405693929166
Prolina,3,200.31200683601838,5.671203276160984e-46,0.9998103051128338
Alcohol,4,113.16607091042135,2.878950928576118e-32,0.7902937472091123
Intensidad del color,5,111.92310489474303,4.958504290512443e-32,0.857205151349123
Fenoles totales,6,106.88316547301831,4.656640880055045e-31,0.8694322310603336
Tono,7,104.74688033637513,1.224660741360274e-30,0.8885875654662431
Ácido málico,8,38.668931737196786,1.236993364558608e-14,0.49855329311183133
Proantocianinas,9,36.21236587564231,6.911261125501665e-14,0.4707139622531567
Fenoles no flavonoides,10,30.983637649705372,3.0241021071612366e-12,0.41928298950321896
Alcalinidad de la ceniza,11,24.54997184872752,4.001071943192381e-10,0.3370019328003246
Magnesio,12,22.718545117476108,1.6920790957896703e-09,0.2905235634607947
Ceniza,13,14.915678289256585,1.0438561306876882e-06,0.20570098842431114
