variable,PC1,PC2
Alcohol,0.14432939540601167,0.4836515478172141
Ácido málico,-0.24518758025722037,0.22493093462784514
Ceniza,-0.002051061444370925,0.316068814025315
Alcalinidad de la ceniza,-0.239320405487535,-0.010590502288191455
Magnesio,0.14199204195298748,0.29963400323786193
Fenoles totales,0.39466084506662996,0.06503951181927939
Flavonoides,0.42293429671005894,-0.003359812100308043
Fenoles no flavonoides,-0.2985331029547151,0.02877948811298681
Proantocianinas,0.31342948830768846,0.03930172228973249
Intensidad del color,-0.08861670472472243,0.529995672070044
Tono,0.29671456358638093,-0.27923514792428233
OD280/OD315,0.37616741073871257,-0.16449619283578484
Prolina,0.2867522268968052,0.36490283179808225
